Modelo,Avantier EX,Avantier EX Extra full,Bestune Xiaoma,Baw Pony,Wuling Mini EV Macaron,Baw L7 EV,Changan Lumin,JMC JMEV 2,Wuling Mini EV,Baw E7 EV Pro,Kaiyi e-Qute 04 28kw,Kaiyi e-Qute 04 39kw,JMC JMEV 3,Cherry eQ1,Dongfeng Nano Box,JAC E-S1,Nammi 330,Wuling Binguo,BYD Seagull EV300,Changan e-star,Leapmotor T03,Nammi 330 EU,Renault Kwid E-Tech,Geely EX2 Pro,BYD Seagull EV380,JAC Ytterby,Wuling Bingo S,GAC Aion UT,Geely Geometry E,Geely EX2 Max,Arcfox T1,Nammi 430 EU,GWM Ora 03 Skin 400,Bestune Joy 03 Luxury,Bestune NAT,BYD Seagull Surf,GWM Ora 03 Skin 400 Bitono,GWM Ora 03 Skin 480,Hozon U Pro 400,Chevrolet Spark EUV,GAC Aion Y Plus,GWM Ora 03 Skin 480 Bitono,GWM Ora 5 Middle,Arcfox T1 Extra Full,BYD New E2 Dolphin GS,BYD New E2 X GS,Dongfeng VIGO E2,GAC Aion UT MAX,Bestune Joy 03 Exclusive,BAIC EU5,Forthing T5 Friday,GAC Aion ES,GWM Ora 5 High,MG S5 EV Comfort Standard Range,Omoda E5 Comfort Standard Range,BYD New E2 Dolphin Plus GSI,BYD Yuan Pro GS,Dongfeng Mage EV,Dongfeng VIGO E2+,GAC Aion V Plus,GWM Ora 03 SR 480,Omoda E5 Comfort (discontinuada),Omoda E5 Luxury Standard Range,JAC E-S4,JMC JMEV GSE,MG S5 EV Luxury Standard Range,Opel E-Mokka,BYD Yuan Pro GSI,Geely Ex5 Pro,GWM Ora 03 GT 480,Leapmotor B10 Life,MG Zs Ev Comfort,GAC Aion V Max,Jaecoo 5 EV,MG MG4 0.0 Standard 2Wd,Omoda E5 Luxury,JAC E-j7,Chevrolet Captiva EV Premier,Geely Geometry C GF+,Leapmotor B10 Design,MG S5 EV Luxury Long Range,Omoda E5 Luxury (discontinuada),Bestune Joy 03 Premium,Forthing S7,MG Zs Ev Deluxe,Smart #1 Pure RWD,Volkswagen Id3 Pure,Chery Eq7,Geely Ex5 Max,Leapmotor C10,MG MG4 0.0 Deluxe ER 2WD,Arcfox αS5 Air,Hyundai Ioniq 5 Safe LR RWD,Peugeot E-3008 GT AWD,Chevrolet Equinox EV eAWD,Hyundai Ioniq 5 Limited LR RWD,BMW iX3 xDrive Luxury,BMW iX3 xDrive M Sport,BMW iX3 xDrive M Sport Pro,Tesla Model 3 Standard Range,Tesla Model 3 Long Range,Tesla Model 3 Performance,Tesla Model Y Standard Range,Tesla Model Y Long Range,
MEDIDAS Y PESO,,,,,,,,,,,,,,,,,,,,,,,,,,,,,,,,,,,,,,,,,,,,,,,,,,,,,,,,,,,,,,,,,,,,,,,,,,,,,,,,,,,,,,,,,,,,,,,,,,,,,,,,,
Segmento,M1,M1,A,A,A,A,A,A,A,A,A,A,A,A,A,A,B,A,A,A,A,B,A,B,A,B,C-SUV,C,B,B,C-SUV,B,C,C,MPV,A,C,C,C,A,C,C,C-SUV,C-SUV,B,C,B-SUV,C,C,C,C,C,C-SUV,C-SUV,C-SUV,B,B-SUV,C,B-SUV,C-SUV,C,C-SUV,C-SUV,C,C,C-SUV,B-SUV,B-SUV,C-SUV,C,C-SUV,B-SUV,C-SUV,B-SUV,C,C-SUV,C,C-SUV,C,C-SUV,C-SUV,C-SUV,C,E,B-SUV,B-SUV,C,C-SUV,C-SUV,C-SUV,C,D,D,C-SUV,C-SUV,D,D-SUV,D-SUV,D-SUV,D-SEDAN,D-SEDAN,D-SEDAN,D-SUV,D-SUV,
Ancho (metros),1.49 m,1.49 m,1.51 m,1.49 m,1.49 m,1.58 m,1.7 m,1.64 m,1.51 m,1.58 m,1.68 m,1.68 m,1.64 m,1.67 m,1.51 m,1.67 m,1.81 m,1.7 m,1.71 m,1.65 m,1.65 m,1.81 m,1.77 m,1.8 m,1.71 m,1.77 m,1.78 m,1.85 m,1.76 m,1.8 m,1.86 m,1.81 m,1.82 m,1.86 m,1.84 m,1.72 m,1.82 m,1.82 m,1.86 m,1.76 m,1.87 m,1.82 m,1.832 m,1.86 m,1.77 m,1.77 m,1.86 m,1.85 m,1.86 m,1.82 m,1.86 m,1.88 m,1.83 m,1.84 m,1.83 m,1.77 m,1.83 m,1.9 m,1.86 m,1.854 m,1.82 m,1.84 m,1.83 m,1.8 m,1.83 m,1.84 m,1.79 m,1.83 m,1.9 m,1.82 m,1.88 m,1.8 m,1.85 m,1.86 m,1.83 m,1.83 m,1.82 m,1.89 m,1.83 m,1.88 m,1.84 m,1.84 m,1.86 m,1.91 m,1.8 m,1.82 m,1.77 m,1.91 m,1.9 m,1.9 m,1.83 m,1.94 m,1.89 m,1.93 m,1.87 m,1.89 m,1.89 m,1.89 m,1.89 m,1.85,1.93 m,1.93 m,1.98 m,1.98 m,
Largo  (metros),3.03 m,3.03 m,3 m,3.15 m,3.06 m,3.47 m,3.27 m,3.5 m,3.25 m,3.47 m,3.69 m,3.69 m,3.72 m,3.2 m,3.73 m,3.65 m,4 m,3.95 m,3.78 m,3.77 m,3.62 m,4 m,3.73 m,4.13 m,3.78 m,4 m,4.26 m,4.27 m,4 m,4.13 m,4.33 m,4 m,4.23 m,4.45 m,4.45 m,3.99 m,4.23 m,4.23 m,4.53 m,3.99 m,4.53 m,4.23 m,4.471 m,4.33 m,4.12 m,4.28 m,4.3 m,4.27 m,4.45 m,4.65 m,4.57 m,4.81 m,4.47 m,4.47 m,4.54 m,4.12 m,4.31 m,4.67 m,4.3 m,4.605 m,4.23 m,4.4 m,4.54 m,4.41 m,4.67 m,4.47 m,4.15 m,4.31 m,4.61 m,4.23 m,4.51 m,4.32 m,4.6 m,4.38 m,4.28 m,4.54 m,4.77 m,4.74 m,4.43 m,4.51 m,4.47 m,4.4 m,4.45 m,4.93 m,4.32 m,4.27 m,4.26 m,4.67 m,4.61 m,4.74 m,4.28 m,4.93 m,4.65 m,4.54 m,4.84 m,4.65 m,4.78 m,4.78 m,4.78 m,4.72 m,4.72 m,4.72 m,4.79 m,4.79 m,
Alto  (metros),1.64 m,1.64 m,1.63 m,1.58 m,1.61 m,1.57 m,1.54 m,1.45 m,1.57 m,1.57 m,1.61 m,1.61 m,1.48 m,1.59 m,1.57 m,1.54 m,1.57 m,1.58 m,1.58 m,1.57 m,1.57 m,1.57 m,1.5 m,1.57 m,1.58 m,1.56 m,1.6 m,1.57 m,1.57 m,1.57 m,1.57 m,1.57 m,1.6 m,1.63 m,1.68 m,1.59 m,1.6 m,1.6 m,1.62 m,1.72 m,1.54 m,1.6 m,1.641 m,1.57 m,1.57 m,1.57 m,1.65 m,1.57 m,1.63 m,1.51 m,1.68 m,1.54 m,1.64 m,1.62 m,1.58 m,1.57 m,1.67 m,1.61 m,1.65 m,1.686 m,1.6 m,1.58 m,1.58 m,1.66 m,1.48 m,1.62 m,1.52 m,1.67 m,1.67 m,1.6 m,1.65 m,1.64 m,1.68 m,1.65 m,1.51 m,1.58 m,1.51 m,1.68 m,1.56 m,1.65 m,1.62 m,1.58 m,1.63 m,1.49 m,1.64 m,1.63 m,1.56 m,1.66 m,1.67 m,1.68 m,1.51 m,1.599 m,1.6 m,1.64 m,1.64 m,1.6 m,1.63 m,1.63 m,1.63 m,1.44 m,1.44 m,1.43 m,1.62 m,1.62 m,
Distancia entre ejes (metros),1.96 m,1.96 m,1.95 m,2.05 m,2.1 m,2.24 m,1.98 m,2.34 m,2.19 m,2.24 m,2.5 m,2.5 m,2.39 m,2.15 m,2.42 m,2.39 m,2.66 m,2.56 m,2.5 m,2.41 m,2.4 m,2.66 m,2.42 m,2.65 m,2.5 m,2.62 m,2.61 m,2.75 m,2.48 m,2.65 m,2.77 m,2.66 m,2.65 m,2.75 m,2.85 m,2.5 m,2.65 m,2.65 m,2.77 m,2.56 m,2.75 m,2.65 m,2.72 m,2.77 m,2.7 m,2.7 m,2.71 m,2.75 m,2.75 m,2.67 m,2.71 m,2.75 m,2.72 m,2.73 m,2.63 m,2.7 m,2.62 m,2.75 m,2.71 m,2.775 m,2.65 m,2.63 m,2.63 m,2.62 m,2.5 m,2.73 m,2.55 m,2.62 m,2.75 m,2.65 m,2.73 m,2.62 m,2.77 m,2.62 m,2.7 m,2.63 m,2.76 m,2.8 m,2.7 m,2.73 m,2.73 m,2.63 m,2.75 m,2.91 m,2.62 m,2.75 m,2.76 m,2.83 m,2.75 m,2.82 m,2.7 m,2.815 m,3 m,2.739 m,2.95 m,3 m,2.89 m,2.89 m,2.89 m,2.87,2.87 m,2.87 m,2.89 m,2.89 m,
Peso (kg),598 kg,598 kg,715 kg,740 kg,770 kg,830 kg,855 kg,890 kg,780 kg,920 kg,954 kg,954 kg,1030 kg,995 kg,921 kg,1180 kg,1225 kg,1325 kg,1160 kg,1180 kg,1203 kg,1225 kg,977 kg,1300 kg,1160 kg,1365 kg,1325 kg,1540 kg,1348 kg,1300 kg,1420 kg,1324 kg,1540 kg,1530 kg,2075 kg,1370 kg,1540 kg,1670 kg,,1355 kg,1695 kg,1670 kg,1720 kg,1420 kg,1405 kg,1485 kg,1945 kg,1700 kg,1530 kg,1580 kg,1900 kg,1665 kg,1720 kg,1645 kg,1787 kg,1450 kg,1550 kg,1618 kg,1975 kg,1840 kg,1670 kg,1785 kg,1787 kg,1690 kg,1540 kg,1645 kg,1598 kg,1550 kg,1715 kg,1670 kg,1780 kg,1570 kg,1920 kg,1450 kg,1635 kg,1787 kg,1650 kg,1780 kg,1685 kg,1845 kg,1725 kg,1785 kg,1590 kg,1805 kg,1570 kg,1780 kg,,1850 kg,1765 kg,1980 kg,1751 kg,1920 kg,1985 kg,2199 kg,2322 kg,1995 kg,2285 kg,2285 kg,2285 kg,1722 kg,1747 kg,1854 kg,1921 kg,1891 kg,
Capacidad del Baúl (litros),100 L,100 L,81 L,180 L,123 L,,104 L,105 L,123 L,,237 L,237 L,250 L,100 L,300 L,121 L,309 L,395 L,230 L,147 L,210 L,309 L,290 L,375 L,230 L,250 L,482 L,340 L,295 L,375 L,459 L,309 L,228 L,415 L,336 L,308 L,228 L,228 L,527 L,428 L,405 L,228 L,362 L,459 L,250 L,250 L,500 L,340 L,415 L,430 L,300 L,450 L,362 L,453 L,370 L,250 L,265 L,360 L,500 L,427 L,228 L,380 L,370 L,520 L,411 L,453 L,350 L,265 L,461 L,228 L,430 L,448 L,427 L,480 L,363 L,370 L,540 L,532 L,340 L,430 L,453 L,380 L,415 L,512 L,448 L,273 L,385 L,386 L,461 L,435 L,363 L,560 L,520 L,470 L,441 L,520 L,578 L,578 L,578 L,594 L,594 L,594 L,822 L,822 L,
CARACTERÍSTICAS EV,,,,,,,,,,,,,,,,,,,,,,,,,,,,,,,,,,,,,,,,,,,,,,,,,,,,,,,,,,,,,,,,,,,,,,,,,,,,,,,,,,,,,,,,,,,,,,,,,,,,,,,,,
Capacidad de Batería (kWh),13.8 kWh,13.8 kWh,13.7 kWh,13.7 kWh,17.3 kWh,18.72 kWh,17.65 kWh,15.86 kWh,26 kWh,22.29 kWh,28.08 kWh,39.82 kWh,31.9 kWh,30.8 kWh,28.9 kWh,30.2 kWh,31.4 kWh,37.9 kWh,30.08 kWh,32.2 kWh,41.3 kWh,31.4 kWh,26.8 kWh,39.4 kWh,30.08 kWh,41 kWh,41.9 kWh,44.12 kWh,39.4 kWh,39.4 kWh,42.4 kWh,42.3 kWh,47.8 kWh,48.35 kWh,55 kWh,43.2 kWh,47.8 kWh,57.7 kWh,58 kWh,42 kWh,63.2 kWh,57.7 kWh,58.3 kWh,42.4 kWh,44.9 kWh,45.12 kWh,44.94 kWh,60 kWh,48.35 kWh,48.3 kWh,49.27 kWh,55.2 kWh,58.3 kWh,49 kWh,51 kWh,44.9 kWh,45.12 kWh,50.82 kWh,51.87 kWh,64.5 kWh,57.7 kWh,61 kWh,51 kWh,55 kWh,60 kWh,49 kWh,50 kWh,45.12 kWh,60.22 kWh,57.7 kWh,56.2 kWh,50.3 kWh,75.26 kWh,58.9 kWh,51 kWh,59 kWh,50.1 kWh,60 kWh,70 kWh,67.1 kWh,64 kWh,61 kWh,62.87 kWh,57 kWh,50.3 kWh,49 kWh,52.8 kWh,67.12 kWh,60.22 kWh,69.9 kWh,77 kWh,65 kWh,84 kWh,73 kWh,85 kWh,84 kWh,108.7 kWh,108.7 kWh,108.7 kWh,63 kWh,85 kWh,85 kWh,63 kWh,85 kWh,
Composición de Batería,LFP,LFP,LFP,LFP,LFP,LFP,LFP,LFP,LFP,LFP,LFP,LFP,LFP,NCM,NCM,LFP,LFP,LFP,LFP,NCM,NCM,LFP,NCM,LFP,LFP,LFP,LFP,LFP,NCM,LFP,LFP,LFP,LFP,LFP,LFP,LFP,LFP,LFP,NCM,LFP,LFP,LFP,LFP,LFP,LFP,LFP,LFP,LFP,LFP,NCM,LFP,LFP,LFP,LFP,LFP,LFP,LFP,LFP,LFP,LFP,LFP,LFP,LFP,LFP,LFP,LFP,NCM,LFP,LFP,LFP,LFP,LFP,LFP,LFP,NCM,LFP,LFP,LFP,NCM,LFP,NCM,LFP,LFP,LFP,LFP,LFP,NCM,NCM,LFP,NCM,NCM,NCM,NCM,NCM,NCM,NCM,NCM,NCM,NCM,LFP,NMC,NMC,LFP,NMC,
Autonomía WLTP (km),148 km,148 km,128 km,150 km,176 km,180 km,162 km,164 km,247 km,260 km,247 km,329 km,240 km,250 km,260 km,257 km,271 km,336 km,220 km,250 km,280 km,271 km,265 km,325 km,280 km,270 km,353 km,340 km,320 km,325 km,319 km,353 km,310 km,365 km,350 km,322 km,310 km,420 km,340 km,306 km,410 km,420 km,435 km,319 km,350 km,337 km,341 km,425 km,365 km,324 km,328 km,370 km,435 km,330 km,350 km,350 km,320 km,330 km,400 km,429 km,420 km,450 km,350 km,320 km,450 km,330 km,340 km,320 km,425 km,420 km,374 km,320 km,512 km,392 km,350 km,430 km,340 km,353 km,468 km,459 km,430 km,450 km,463 km,432 km,320 km,310 km,382 km,420 km,430 km,451 km,520 km,476 km,570 km,497 km,570 km,530 km,805 km,805 km,805 km,534 km,750 km,571 km,446 km,609 km,
Tipo de Conector,Tipo 2,Tipo 2,GB/T,Tipo 2,GB/T,Tipo 2,Tipo 2,Tipo 2,CCS2,CCS2,CCS2,CCS2,CCS2,CCS2,GB/T,GB/T,CCS2,CCS2,CCS2,GB/T,CCS2,CCS2,CCS2,CCS2,CCS2,CCS2,GB/T,CCS2,GB/T,CCS2,CCS2,CCS2,CCS2,GB/T,GB/T,CCS2,CCS2,CCS2,GB/T,CCS2,CCS2,CCS2,CCS2,CCS2,CCS2,CCS2,CCS2,CCS2,GB/T,CCS2,GB/T,CCS2,CCS2,CCS2,CCS2,CCS2,CCS2,CCS2,CCS2,CCS2,CCS2,CCS2,CCS2,GB/T,CCS2,CCS2,CCS2,CCS2,CCS2,CCS2,CCS2,GB/T,CCS2,CCS2,GB/T,CCS2,GB/T,CCS2,CCS2,CCS2,CCS2,CCS2,GB/T,CCS2,GB/T,CCS2,GB/T,CCS2,CCS2,GB/T,CCS2,CCS2,CCS2,CCS2,CCS2,CCS2,CCS2,CCS2,CCS2,CCS2,CCS2,CCS2,CCS2,CCS2,
Velocidad de Carga AC (kW),3.3 kW,3.3 kW,,,3.3 kW,,3.3 kW,2.3 kW,,,,,5.5 kW,7 kW,7 kW,,3.3 kW,3.3 kW,6.6 kW,3.3 kW,,3.3 kW,7 kW,6.6 kW,6.6 kW,6.6 kW,6.6 kW,6.6 kW,6.6 kW,6.6 kW,7 kW,6.6 kW,11 kW,,7 kW,11 kW,11 kW,11 kW,6.6 kW,6.6 kW,,11 kW,6.6 kW,7 kW,6.6 kW,6.6 kW,6.6 kW,6.6 kW,,6.6 kW,6.6 kW,,6.6 kW,7 kW,9.9 kW,6.6 kW,6.6 kW,7.7 kW,6.6 kW,6.6 kW,11 kW,9.9 kW,9.9 kW,,,7 kW,11 kW,6.6 kW,11 kW,11 kW,7.4 kW,6.6 kW,6.6 kW,9.9 kW,6.6 kW,9.9 kW,,6.6 kW,9.9 kW,7.4 kW,7 kW,9.9 kW,,6.6 kW,6.6 kW,7.4 kW,,7 kW,11 kW,6.6 kW,11 kW,7 kW,11 kW,22 kW,22 kW,11 kW,11 kW,11 kW,11 kW,11 kW,11 kW,11 kW,11 kW,11 kW,
Velocidad de Carga DC (kW),,,,,15 kW,,,,,22 kW,,,50 kW,60 kW,,,60 kW,40 kW,30 kW,,,60 kW,,70 kW,30 kW,,40 kW,64 kW,,70 kW,,60 kW,64 kW,,60 kW,85 kW,64 kW,80 kW,,50 kW,,80 kW,120 kW,,65 kW,80 kW,167 kW,87 kW,,50 kW,,,120 kW,120 kW,110 kW,65 kW,65 kW,60 kW,167 kW,150 kW,80 kW,110 kW,110 kW,,,120 kW,100 kW,65 kW,110 kW,80 kW,140 kW,92 kW,180 kW,80 kW,88 kW,110 kW,,100 kW,93 kW,140 kW,150 kW,110 kW,,120 kW,92 kW,130 kW,,60 kW,110 kW,83 kW,144 kW,,350 kW,160 kW,150 kW,350 kW,400 kW,400 kW,400 kW,250 kW,250 kW,250 kW,250 kW,250 kW,
MOTOR Y TRACCIÓN,,,,,,,,,,,,,,,,,,,,,,,,,,,,,,,,,,,,,,,,,,,,,,,,,,,,,,,,,,,,,,,,,,,,,,,,,,,,,,,,,,,,,,,,,,,,,,,,,,,,,,,,,
Potencia,34 cv,34 cv,26 cv,26 cv,40 cv,40 cv,46 cv,40 cv,40 cv,40 cv,54 cv,54 cv,68 cv,61 cv,45 cv,60 cv,95 cv,68 cv,75 cv,74 cv,107 cv,95 cv,65 cv,116 cv,75 cv,134 cv,100 cv,134 cv,80 cv,116 cv,94 cv,95 cv,171 cv,164 cv,136 cv,88 cv,171 cv,171 cv,161 cv,102 cv,200 cv,171 cv,204 cv,94 cv,93 cv,173 cv,160 cv,200 cv,164 cv,163 cv,201 cv,134 cv,204 cv,167 cv,201 cv,173 cv,173 cv,161 cv,160 cv,181 cv,171 cv,201 cv,201 cv,148 cv,147 cv,167 cv,136 cv,173 cv,214 cv,171 cv,218 cv,177 cv,200 cv,211 cv,170 cv,201 cv,192 cv,201 cv,200 cv,218 cv,167 cv,201 cv,164 cv,218 cv,177 cv,272 cv,170 cv,211 cv,214 cv,218 cv,241 cv,248 cv,228 cv,325 cv,288 cv,228 cv,469 cv,469 cv,469 cv,283 cv,320 cv,460 cv,299 cv,347 cv,
Torque,100 Nm,100 Nm,85 Nm,,,,83 Nm,85 Nm,,110 Nm,110 Nm,110 Nm,125 Nm,150 Nm,115 Nm,150 Nm,160 Nm,150 Nm,135 Nm,170 Nm,158 Nm,160 Nm,115 Nm,150 Nm,135 Nm,175 Nm,180 Nm,145 Nm,130 Nm,150 Nm,176 Nm,160 Nm,250 Nm,200 Nm,260 Nm,175 Nm,250 Nm,250 Nm,210 Nm,180 Nm,225 Nm,250 Nm,260 Nm,176 Nm,180 Nm,290 Nm,230 Nm,210 Nm,200 Nm,240 Nm,310 Nm,225 Nm,260 Nm,250 Nm,288 Nm,290 Nm,290 Nm,240 Nm,230 Nm,240 Nm,250 Nm,340 Nm,288 Nm,340 Nm,225 Nm,250 Nm,260 Nm,290 Nm,320 Nm,250 Nm,240 Nm,280 Nm,240 Nm,288 Nm,250 Nm,288 Nm,340 Nm,310 Nm,310 Nm,240 Nm,250 Nm,340 Nm,200 Nm,310 Nm,280 Nm,343 Nm,310 Nm,285 Nm,320 Nm,320 Nm,350 Nm,360 Nm,350 Nm,509 Nm,451 Nm,350 Nm,645 Nm,645 Nm,645 Nm,450 Nm,450 Nm,741 Nm,420  Nm,500 Nm,
Aceleración 0 a 100,,,,,,,,,,,,,,,,10.7 s,,,13.9 s,,14 s,,14.6 s,10.6 s,13.9 s,,,11.4 s,15 s,10.6 s,8 s,,8.3 s,,,12.1 s,8.3 s,8.3 s,9.5 s,,7.9 s,8.3 s,7.7 s,8 s,8 s,8 s,8.9 s,7.3 s,,8.8 s,,,7.7 s,7.1 s,7.6 s,7.5 s,7.9 s,,9.2 s,7.9 s,8.3 s,7.6 s,7.6 s,10 s,9.6 s,7.1 s,8.7 s,7.9 s,6.9 s,8.3 s,8 s,8.5 s,7.9 s,7.7 s,7.7 s,7.6 s,7.6 s,9.9 s,7.7 s,6.8 s,8 s,7.6 s,,,8.5 s,6.7 s,,8 s,7.1 s,7.5 s,6.5 s,7 s,7.5 s,6 s,5.8 s,7.5 s,4.9 s,4.9 s,4.9 s,6.2 s,5.1 s,3.1 s,5.9 s,5.1 s,
Velocidad Máxima,90 km/h,90 km/h,100 km/h,100 km/h,100 km/h,100 km/h,101 km/h,100 km/h,,100 km/h,100 km/h,100 km/h,110 km/h,120 km/h,100 km/h,102 km/h,140 km/h,130 km/h,130 km/h,125 km/h,130 km/h,140 km/h,130 km/h,140 km/h,130 km/h,150 km/h,150 km/h,150 km/h,121 km/h,140 km/h,145 km/h,140 km/h,170 km/h,,130 km/h,150 km/h,170 km/h,170 km/h,160 km/h,150 km/h,150 km/h,170 km/h,170 km/h,145 km/h,150 km/h,160 km/h,150 km/h,150 km/h,,150 km/h,180 km/h,,170 km/h,175 km/h,172 km/h,160 km/h,160 km/h,,150 km/h,160 km/h,170 km/h,172 km/h,172 km/h,150 km/h,140 km/h,175 km/h,150 km/h,160 km/h,175 km/h,170 km/h,170 km/h,175 km/h,160 km/h,175 km/h,160 km/h,172 km/h,150 km/h,170 km/h,150 km/h,170 km/h,175 km/h,172 km/h,,165 km/h,175 km/h,180 km/h,,180 km/h,175 km/h,170 km/h,180 km/h,180 km/h,185 km/h,180 km/h,182 km/h,185 km/h,210 km/h,210 km/h,210 km/h,201 km/h,201 km/h,262 km/h,201 km/h,201 km/h,
Tipo de Tracción,Trasera,Trasera,Trasera,Trasera,,Trasera,Delantera,Delantera,Trasera,Trasera,Delantera,Delantera,Delantera,Trasera,Delantera,Delantera,Delantera,Delantera,Delantera,Delantera,Delantera,Delantera,Delantera,Trasera,Delantera,Delantera,Delantera,Delantera,Delantera,Trasera,Delantera,Delantera,Delantera,Delantera,Delantera,Delantera,Delantera,Delantera,Delantera,Delantera,,Delantera,Delantera,Delantera,Delantera,Delantera,Delantera,Delantera,Delantera,Delantera,Delantera,Delantera,Delantera,Trasera,Delantera,Delantera,Delantera,Delantera,Delantera,Delantera,Delantera,Delantera,Delantera,Delantera,Delantera,Trasera,Delantera,Delantera,Delantera,Delantera,Trasera,Delantera,Delantera,Delantera,Trasera,Delantera,Delantera,Delantera,Delantera,Trasera,Trasera,Delantera,Delantera,Trasera,Delantera,Trasera,,Trasera,Delantera,Trasera,Trasera,Delantera,Trasera,Integral,Integral,Trasera,Integral,Integral,Integral,Trasera,Trasera,Integral,Trasera,Trasera,
EQUIPAMIENTO,,,,,,,,,,,,,,,,,,,,,,,,,,,,,,,,,,,,,,,,,,,,,,,,,,,,,,,,,,,,,,,,,,,,,,,,,,,,,,,,,,,,,,,,,,,,,,,,,,,,,,,,,
Techo Panorámico,,,,,,,,,,,,,,,,,,,,,Sí,,,,,Sí,,,Sí,,,,,Sí,,,,,Sí,,Sí,,,Sí,,,,Sí,Sí,,Sí,,Sí,,,Sí,,Sí,,Sí,Sí,,,Sí,,,,Sí,,Sí,Sí,,Sí,Sí,,Sí,Sí,Sí,Sí,Sí,,Sí,Sí,Sí,Sí,,,Sí,Sí,Sí,,Sí,,Sí,Sí,Sí,Sí,Sí,Sí,Sí,Sí,Sí,Sí,Sí,
Asientos Calefaccionados,,,,,,,,,,,,,,,,,,,,,,,,,,Sí,Sí,,,,,,,,,,,,,,,,,Sí,,,Sí,,Sí,,,,Sí,,,,,,Sí,Sí,Sí,,Sí,Sí,,Sí,,,,Sí,,,Sí,,,Sí,Sí,,Sí,Sí,Sí,Sí,Sí,Sí,Sí,,Sí,Sí,Sí,Sí,Sí,Sí,Sí,Sí,Sí,Sí,Sí,Sí,Sí,Sí,Sí,Sí,Sí,Sí,
Asientos con Masajes,,,,,,,,,,,,,,,,,,,,,,,,,,,,,,,,,,,,,,,,,,,,,,,,,,,,,,,,,,,,,Sí,,Sí,,,,Sí,,,Sí,,,Sí,,,Sí,,,,Sí,,,,,,,,Sí,Sí,Sí,,,,Sí,,,,,,No,No,No,No,No,
Neumáticos,145/60 R13,145/60 R13,145/70 R12,155/65 R13,155/70 R13,165/60 R14,165/70 R14,165/65 R14,155/70 R13,165/60 R14,165/65 R15,165/65 R15,165/65 R15,165/65 R15,165/70 R14,165/65 R14,215/55 R17,185/60 R15,175/55 R16,175/60 R15,165/65 R15,215/55 R17,175/70 R14,205/65 R15,175/55 R16,205/55 R17,205/60 R16,215/60 R17,205/60 R16,205/60 R16,215/55 R17,215/55 R17,215/50 R18,215/60 R17,215/55 R17,175/55 R16,215/50 R18,215/50 R18,225/60 R18,205/60 R16,215/55 R17,215/50 R18,225/60 R18,215/55 R18,195/60 R16,215/65 R17,215/55 R17,215/60 R17,215/60 R17,215/50 R17,235/55 R19,215/55 R17,225/60 R18,205/50 R17,215/60 R17,205/50 R17,215/65 R17,225/60 R18,215/55 R18,225/45 R19,215/50 R18,215/55 R18,215/60 R17,225/45 R18,215/50 R17,215/55 R18,215/55 R18,215/65 R17,225/55 R18,215/50 R18,225/50 R18-235/50 R18,215/50 R17,225/45 R19,235/55 R18,215/50 R17,215/60 R17,215/55 R17,235/55 R18,225/45 R18,225/50 R18-235/50 R18,215/55 R18,215/55 R18,215/55 R18,235/50 R18,215/50 R17,235/50 R18,215/55 R18,235/55 R19,235/50 R19,245/45 R20,235/45 R18,235/50 R19,235/55 R19,235/50 R20,245/55 R19,255/45 R20,255/45 R20,255/40 R21,255/35 R22 / 275/35 R22,235/45 R18,235/45 R18,235/35 R20 275/35 R20,255/45 R19,255/45 R19,
Rueda de auxilio,,,,,,,,,,,,,,,,,,,,,,,,Sí,,Sí,,Sí,,Sí,,,,,,,,,,,Sí,,Sí,,Sí,Sí,,Sí,,,,,Sí,,Sí,Sí,Sí,,,Sí,,,Sí,,,,,Sí,Sí,,,,Sí,,,Sí,Sí,Sí,Sí,,,,,,,,,,Sí,,,,,,,,Sí,Sí,Sí,No,No,No,No,No,
Conectividad Apple / Android,,,,,,SI,SI,SI,,SI,SI,SI,,,,SI,SI,SI,SI,,SI,SI,SI,SI,SI,SI,SI,SI,SI,SI,SI,SI,SI,SI,SI,SI,SI,SI,,SI,SI,SI,SI,SI,SI,SI,SI,SI,SI,,,SI,SI,SI,SI,SI,SI,,SI,SI,SI,SI,SI,SI,SI,SI,SI,SI,SI,SI,SI,SI,SI,SI,SI,SI,SI,SI,SI,SI,SI,SI,SI,SI,SI,SI,SI,SI,SI,SI,SI,SI,SI,SI,SI,SI,SI,SI,SI,No,No,No,No,No,
Otros extras,,,,,,,,,,,,,,,,,,,,,,,,,,,,,,,,,,,,,,,,,,,,,,,,,,,,,,,,,,,,,,,,,,,,,,,,,,,,,,,,,,,,,,,,,,,,,,,,,,,,,,,,,
Cámaras 360,,,,Sí,,,,,,,Sí,Sí,Sí,,,,,Sí,,,,,,,Sí,Sí,Sí,Sí,,Sí,Sí,Sí,Sí,,,,Sí,Sí,,Sí,Sí,Sí,Sí,Sí,Sí,Sí,Sí,Sí,Sí,,,,Sí,,,Sí,Sí,,Sí,Sí,Sí,,Sí,Sí,Sí,Sí,,Sí,Sí,Sí,Sí,,Sí,Sí,,Sí,,Sí,Sí,Sí,Sí,Sí,Sí,Sí,Sí,,,Sí,Sí,Sí,Sí,,,Sí,Sí,Sí,Sí,Sí,Sí,Sí,Sí,Sí,Sí,Sí,
ADAS Y SEGURIDAD,,,,,,,,,,,,,,,,,,,,,,,,,,,,,,,,,,,,,,,,,,,,,,,,,,,,,,,,,,,,,,,,,,,,,,,,,,,,,,,,,,,,,,,,,,,,,,,,,,,,,,,,,
Airbags,1,1,2,1,2,2,2,2,2,2,2,2,2,2,2,2,2,4,4,2,2,6,6,6,6,6,4,6,2,6,4,6,7,4,2,6,7,7,4,6,6,7,6,6,6,6,6,6,6,6,6,2,6,6,7,6,6,2,6,7,7,7,7,6,2,7,6,6,6,7,7,6,7,6,6,7,6,6,6,7,7,7,6,2,6,8,6,6,6,6,6,6,6,6,8,6,7,7,7,9,9,9,9,9,
Frenado Autónomo de Emergencia (AEB),,,,,,,,,,,,,,,,,,,,,,Sí,,,,Sí,,,Sí,Sí,,Sí,Sí,,Sí,Sí,Sí,Sí,,Sí,,Sí,No,Sí,,Sí,,Sí,,,,,Sí,,,Sí,,,Sí,Sí,Sí,Sí,,Sí,,,Sí,Sí,,Sí,Sí,Sí,Sí,Sí,Sí,Sí,,Sí,Sí,Sí,,Sí,Sí,,Sí,Sí,Sí,Sí,Sí,Sí,Sí,Sí,Sí,Sí,Sí,Sí,Sí,Sí,Sí,Sí,Sí,Sí,Sí,Sí,
Advertencia de Colisión Frontal (FCW),,,,,,,,,,,,,,,,,,,,,,Sí,,,,Sí,,,,Sí,,Sí,Sí,,Sí,Sí,Sí,Sí,,Sí,,Sí,No,Sí,,Sí,,Sí,,,,,Sí,Sí,,Sí,,,Sí,Sí,Sí,Sí,,,,Sí,,Sí,,Sí,Sí,,Sí,Sí,,Sí,,Sí,Sí,Sí,Sí,Sí,Sí,,,Sí,Sí,Sí,Sí,Sí,,Sí,,,Sí,Sí,,,,Sí,Sí,Sí,Sí,Sí,
Advertencia de Colisión Trasera (RCW),,,,,,,,,,,,,,,,,,,,,,,,,,Sí,,,,,,,Sí,,Sí,Sí,Sí,Sí,,Sí,,Sí,No,,,Sí,,Sí,,,,,Sí,,,Sí,,,,Sí,Sí,Sí,Sí,,,Sí,,Sí,,Sí,Sí,,Sí,Sí,,Sí,,,,Sí,Sí,Sí,,,,Sí,,Sí,Sí,Sí,Sí,,,,Sí,,Sí,Sí,Sí,Sí,Sí,Sí,Sí,Sí,
Advertencia de Calida de Carril (LDW),,,,,,,,,,,,,,,,,,,,,,Sí,,,,Sí,,,,,,Sí,Sí,,,Sí,Sí,Sí,,Sí,,Sí,No,Sí,,Sí,,Sí,,,,,Sí,Sí,,Sí,,,Sí,Sí,Sí,Sí,,,,Sí,Sí,Sí,,Sí,Sí,Sí,Sí,Sí,Sí,Sí,,Sí,Sí,Sí,Sí,Sí,Sí,,Sí,Sí,Sí,Sí,Sí,Sí,Sí,Sí,Sí,Sí,Sí,Sí,Sí,Sí,Sí,Sí,Sí,Sí,Sí,Sí,
Asistente Mantenimiento en Carril (LKA),,,,,,,,,,,,,,,,,,,,,,Sí,,,,Sí,,,,Sí,,Sí,Sí,,,,Sí,Sí,,Sí,,Sí,No,Sí,,Sí,,Sí,,,,,Sí,Sí,,,,,Sí,Sí,Sí,Sí,,,,Sí,,,,Sí,Sí,Sí,Sí,Sí,Sí,Sí,,Sí,Sí,Sí,Sí,Sí,Sí,,Sí,Sí,,Sí,Sí,,Sí,Sí,Sí,Sí,,Sí,Sí,Sí,Sí,Sí,Sí,Sí,Sí,Sí,
Reconocimiento de señales de tránsito (TCR),,,,,,,,,,,,,,,,,,,,,,,,,,,,,,,,,Sí,,,Sí,Sí,Sí,,,,Sí,No,Sí,,Sí,,Sí,,,,,Sí,Sí,,Sí,,,Sí,Sí,Sí,,,,,Sí,Sí,Sí,,Sí,,Sí,Sí,Sí,,,,,Sí,,Sí,,Sí,,Sí,Sí,,Sí,Sí,,,Sí,,Sí,,,,,,Sí,Sí,Sí,Sí,Sí,
Asistente de velocidad (ISA),,,,,,,,,,,,,,,,,,,,,,No,,,,,,,,,,No,Sí,,,Sí,Sí,Sí,,,,Sí,No,,,Sí,,,,,,,Sí,Sí,,Sí,,,Sí,,Sí,,Sí,Sí,,Sí,,Sí,,Sí,Sí,Sí,Sí,Sí,Sí,Sí,,Sí,,Sí,Sí,,,,Sí,Sí,,,Sí,,Sí,Sí,,Sí,,,Sí,Sí,Sí,Sí,Sí,Sí,Sí,Sí,
Asistente de atascos (TJA),,,,,,,,,,,,,,,,,,,,,,Sí,,,,,,,,,,Sí,Sí,,,,Sí,Sí,,,,Sí,No,Sí,,,,,,,,,Sí,Sí,,,,,Sí,,Sí,Sí,,,,Sí,,,,Sí,,Sí,,Sí,Sí,Sí,,,,,Sí,Sí,,,Sí,,,Sí,,,Sí,,,,,,,,,Sí,Sí,Sí,Sí,Sí,
Asistencia en carretera,,,,,,,,,,,,,,,,,,,,,,Sí,,,,,,,,,,Sí,,,,,,,,,,,No,Sí,,,,,,,,,Sí,,,,,,Sí,,,,,,,,,,,Sí,,,,,,,,,,,,,,,,Sí,,,,,,,,,,,Sí,Sí,Sí,Sí,Sí,Sí,Sí,Sí,
Detector de fatiga,,,,,,,,,,,,,,,,,,,,,,,,,,No,,,,,,,,,,,,,,,,,No,,,,,,,,,,Sí,,,,,,Sí,,Sí,,,,,,,,,Sí,Sí,,,,,,,,,Sí,,,,,,,,,Sí,,,,,Sí,,,,,,Sí,Sí,Sí,Sí,Sí,
Control Crucero,SI,SI,,,,,,,,,,,,,,SI,,SI,SI,,SI,SI,,,SI,,SI,SI,SI,,,,,SI,,,,,SI,,SI,,SI,,,,SI,,SI,,SI,SI,,,SI,,SI,SI,,,,,SI,SI,SI,,,,SI,,,,,,,,SI,,,,,,,,,,,,,,,,,,,,,,,Sí,Sí,Sí,Sí,Sí,
Control Crucero Adaptativo (ACC),,,,,,,,,,,,,,,,,,,,,,,,,,SI,,,,SI,,SI,SI,,SI,SI,SI,SI,,SI,,SI,,SI,,SI,,SI,,,,,SI,,,SI,,,SI,SI,SI,SI,,,,,SI,SI,,SI,SI,SI,SI,SI,SI,SI,,SI,SI,SI,,SI,SI,,SI,SI,SI,SI,SI,SI,SI,SI,SI,SI,SI,SI,SI,SI,SI,Sí,Sí,Sí,Sí,Sí,
Monitoreo de presión de neumáticos (TPMS),,,,,,Sí,Sí,Sí,,Sí,Sí,Sí,Sí,Sí,Sí,Sí,Sí,Sí,Sí,Sí,Sí,Sí,Sí,Sí,Sí,Sí,Sí,Sí,Sí,Sí,Sí,Sí,Sí,Sí,Sí,Sí,Sí,Sí,Sí,Sí,Sí,Sí,Sí,Sí,Sí,Sí,Sí,Sí,Sí,,Sí,,Sí,Sí,Sí,Sí,Sí,Sí,Sí,Sí,Sí,Sí,Sí,Sí,Sí,Sí,Sí,Sí,Sí,Sí,Sí,Sí,Sí,Sí,Sí,Sí,Sí,Sí,Sí,Sí,Sí,Sí,Sí,Sí,Sí,Sí,Sí,Sí,Sí,Sí,Sí,Sí,Sí,Sí,Sí,Sí,Sí,Sí,Sí,Sí,Sí,Sí,Sí,Sí,
Sensores de estacionamiento delanteros,,,,Sí,,,,,,,,,,,,,,,,,Sí,,,,,,,Sí,,,No,Sí,,,,,,,Sí,Sí,,,,Sí,Sí,Sí,Sí,Sí,,,,,,,Sí,Sí,Sí,,Sí,Sí,Sí,Sí,Sí,,,,Sí,Sí,,Sí,,,Sí,Sí,,Sí,Sí,Sí,Sí,Sí,,Sí,,Sí,,,Sí,Sí,Sí,Sí,Sí,Sí,Sí,Sí,,Sí,,,,Sí,Sí,Sí,Sí,Sí,
Sensores de estacionamiento traseros,Sí,Sí,Sí,Sí,,,Sí,Sí,Sí,Sí,Sí,Sí,Sí,Sí,,Sí,Sí,Sí,Sí,Sí,Sí,Sí,,Sí,Sí,Sí,Sí,Sí,Sí,Sí,Sí,Sí,Sí,Sí,Sí,Sí,Sí,Sí,Sí,Sí,Sí,Sí,Sí,Sí,Sí,Sí,Sí,Sí,Sí,Sí,Sí,Sí,Sí,Sí,Sí,Sí,Sí,Sí,Sí,Sí,Sí,Sí,Sí,Sí,Sí,Sí,Sí,Sí,Sí,Sí,Sí,Sí,Sí,Sí,Sí,Sí,Sí,Sí,Sí,Sí,Sí,Sí,Sí,Sí,Sí,Sí,Sí,Sí,Sí,Sí,Sí,Sí,Sí,Sí,Sí,Sí,,,,Sí,Sí,Sí,Sí,Sí,
CRASH TEST,,,,,,,,,,,,,,,,,,,,,,,,,,,,,,,,,,,,,,,,,,,,,,,,,,,,,,,,,,,,,,,,,,,,,,,,,,,,,,,,,,,,,,,,,,,,,,,,,,,,,,,,,
Euro NCAP,,,,,,,,,,,,,,,,,,,,,,3 Estrellas,1 Estrellas,,,,,,,,,3 Estrellas,5 Estrellas,,,5 Estrellas,5 Estrellas,5 Estrellas,,,,5 Estrellas,5 Estrellas,,5 Estrellas,5 Estrellas,,,,,,,5 Estrellas,,,5 Estrellas,,,,5 Estrellas,5 Estrellas,5 Estrellas,,,,,4 Estrellas,,5 Estrellas,5 Estrellas,5 Estrellas,,5 Estrellas,,5 Estrellas,,,,,5 Estrellas,,5 Estrellas,,,,5 Estrellas,5 Estrellas,,5 Estrellas,5 Estrellas,5 Estrellas,,,,,,,,,5 Estrellas,5 Estrellas,5 Estrellas,5 Estrellas,5 Estrellas,
Latin NCAP,,,,,,,,,,,,,,,,0 Estrellas,,,,,,,,,,,,,,,,,,,,,,,,,,,,,,,,,,,,,,,,5 Estrellas,,,,,,,,,,,,,,,,,,,,,,,,,,,,,,,,,,,,,,,,,,,,,,,,,
China NCAP,,,,,,,,,,,,,,5 Estrellas,,,5 Estrellas,,4 Estrellas,,,5 Estrellas,,,4 Estrellas,5 Estrellas,,,,,,5 Estrellas,5 Estrellas,,,,5 Estrellas,5 Estrellas,,,,5 Estrellas,,,5 Estrellas,5 Estrellas,,,,,,,,,,5 Estrellas,,,,5 Estrellas,5 Estrellas,,,,,,,,,5 Estrellas,,,5 Estrellas,,,,,,,,,,,5 Estrellas,,,,,,,,,,,,,,,,,,,,,
Garantía,6 años o 100.000 km,6 años o 100.000 km,5 años o 120.000 km,5 años,3 años o 100.000 km,5 años,8 años o 120.000 KM,8 años o 120.000 Km,3 años o 100.000 Km,5 años,8 años o 150.000 Km,8 años o 150.000 Km,3 años o 120.000 Km,8 años o 100.00 Km,3 años o 100.000 Km,8 años o 150.000 Km,10 años,3 años o 100.000 Km,8 años o 150.000 Km,8 años o 120.000 Km,5 años o 100.000 Km,10 años,5 años o 100.000 Km,8 años o 150.000 km,8 años o 150.000 Km,8 años o 150.000 Km,3 años o 100.00 Km,8 años o 160.000 Km,8 años o 150.00 Km,8 años o 150.000 km,8 años o 200.000 Km,10 años,5 años o 150.000 Km,5 años o 400.000 Km,3 años o 150.000 Km,8 años o 150.000 Km,5 años o 150.000 Km,5 años o 150.000 Km,8 años o 150.000 Km,8 años o 160.000 Km,8 años o 160.000 Km,5 años o 150.000 Km,5 años o 150.000 Km,8 años o 200.000 Km,8 años o 150.000 Km,8 años o 150.000 Km,8 años o 200.000 Km,8 años o 160.000 Km,5 años o 400.000 Km,8 años o 150.000 Km,8 años o 160.000 Km,8 años o 160.000 Km,5 años o 150.000 Km,7 años o 150.00 Km,8 años o 150.000 Km,8 años o 150.000 Km,8 años o 150.000 Km,5 años o 150.000 Km,8 años o 200.000 Km,8 años o 160.000 Km,5 años o 150.000 Km,8 años o 150.000 Km,8 años o 150.000 Km,8 años o 150.000 Km,5 años o 150.000 Km,7 años o 150.00 Km,8 años o 160.000 Km,8 años o 150.000 Km,8 años o 150.000 Km,5 años o 150.000 Km,5 años o 100.000 Km,8 años o 160.000 Km,8 años o 160.000 Km,8 años o 150.000 Km,8 años o 160.000 Km,8 años o 150.000 Km,8 años o 150.000 Km,8 años o 160.000 Km,8 años o 150.000 Km,5 años o 100.000 Km,7 años o 150.00 Km,8 años o 150.000 Km,5 años o 400.000 Km,8 años o 160.000 Km,8 años o 160.000 Km,8 años o 160.000 Km,,8 años o 150.000 Km,8 años o 150.000 Km,5 años o 100.000 Km,8 años o 160.000 Km,8 años o 200.000 Km,8 años o 160.000 Km,8 años o 160.000 Km,8 años o 160.000 Km,8 años o 160.000 Km,8 años o 160.000 Km,8 años o 160.000 Km,8 años o 160.000 Km,4 años o 80.000 Km,4 años o 80.000 Km,4 años o 80.000 Km,4 años o 80.000 Km,4 años o 80.000 Km,
Precio USD,9990,10990,11490,11990,11990,12990,13990,13990,13990,14490,15900,16900,16990,17990,17990,17990,17990,18990,19990,19990,19990,19990,19990,20590,21990,21990,21990,22490,22490,22790,22990,22990,23490,23900,23990,23990,23990,23990,23990,24990,24990,24990,24990,25650,25990,25990,25990,25990,26900,26990,26990,26990,26990,26990,26990,27990,27990,27990,28990,28990,28990,28990,28990,29990,29990,29990,29990,30990,30990,30990,30990,31900,31990,31990,31990,31990,32990,33990,33990,33990,33990,33990,34900,34990,34990,34990,34990,35990,35990,36990,37900,39950,55990,62990,63990,65990,105990,111990,116990,32990,37990,49990,36490,41490,
PUNTUACION,50,52,49,47,44,45,53,52,50,52,54,55,54,57,44,45,58,55,59,48,43,60,45,62,61,62,59,62,52,63,62,63,65,56,45,63,64,65,56,57,54,66,60,59,63,65,65,67,60,55,55,56,80,65,70,60,60,55,65,79,65,78,78,55,55,60,55,75,77,80,79,60,81,77,65,79,60,76,74,77,70,65,50,56,56,72,50,60,80,79,66,76,77,78,79,80,82,83,84,96,97,97,96,97,
